{
	"class_name" : "PinholeCameraParameters",
	"extrinsic" : 
	[
		0.066819080938089082,
		-0.016854277218303793,
		0.99762274621323543,
		0.0,
		-0.99768668840584829,
		0.011406894112716798,
		0.067016076761274829,
		0.0,
		-0.012509284566309772,
		-0.9997928866050958,
		-0.016053089842433806,
		0.0,
		-0.12467238912769271,
		0.6474102094622799,
		-0.62067250470826363,
		1.0
	],
	"intrinsic" : 
	{
		"height" : 855,
		"intrinsic_matrix" : 
		[
			740.45172023569512,
			0.0,
			0.0,
			0.0,
			740.45172023569512,
			0.0,
			811.0,
			427.0,
			1.0
		],
		"width" : 1623
	},
	"version_major" : 1,
	"version_minor" : 0
}