{
	"class_name" : "PinholeCameraParameters",
	"extrinsic" : 
	[
		0.08209347575302342,
		-0.011449165319677681,
		0.99655886823221362,
		0.0,
		-0.99615351489694293,
		0.029799535710581075,
		0.082402441892821879,
		0.0,
		-0.030640430761558164,
		-0.99949032225675727,
		-0.0089587788135251645,
		0.0,
		-1.1055204931448708,
		0.44963787366795482,
		0.61076166650220853,
		1.0
	],
	"intrinsic" : 
	{
		"height" : 600,
		"intrinsic_matrix" : 
		[
			519.6152422706632,
			0.0,
			0.0,
			0.0,
			519.6152422706632,
			0.0,
			399.5,
			299.5,
			1.0
		],
		"width" : 800
	},
	"version_major" : 1,
	"version_minor" : 0
}